animation,sprite,sprite_path,source_frame,video_time_s,fps,video,task,cutout,raw_frame,keying_route,canvas_pad,pixel_check,notes
idle,Enemy_1011_idle1.png,Assets/Sprites/Enemy/Enemy1_1/Enemy_1011_idle1.png,f000,0.000,24,C:/Users/Administrator/Videos/doubaoVideo/sword_enemy_v4_combat_idle_loop_v1_720p_4s.mp4,task_688460292bfc499f9f1f217b9a4c329c,C:/Users/Administrator/Pictures/gptGen/sword_enemy_v4_idle_gpt_cutout_test/idle_f000_gpt_cutout_v1_aligned.png,Library/Locus/tmp/sword_enemy_v4_idle_cycle_v1/clean_raw/f000.png,GPT 语义去背(原生 alpha)+整幅对齐,"74,120",逐像素一致,六帧各带模型自身缩放 0.756-0.940 后对齐回原帧；f040 第 5 次重跑才拿到原生 alpha
idle,Enemy_1011_idle2.png,Assets/Sprites/Enemy/Enemy1_1/Enemy_1011_idle2.png,f008,0.333,24,C:/Users/Administrator/Videos/doubaoVideo/sword_enemy_v4_combat_idle_loop_v1_720p_4s.mp4,task_688460292bfc499f9f1f217b9a4c329c,C:/Users/Administrator/Pictures/gptGen/sword_enemy_v4_idle_gpt_cutout_test/idle_f008_gpt_cutout_v3_aligned.png,Library/Locus/tmp/sword_enemy_v4_idle_cycle_v1/clean_raw/f008.png,GPT 语义去背(原生 alpha)+整幅对齐,"74,120",逐像素一致,六帧各带模型自身缩放 0.756-0.940 后对齐回原帧；f040 第 5 次重跑才拿到原生 alpha
idle,Enemy_1011_idle3.png,Assets/Sprites/Enemy/Enemy1_1/Enemy_1011_idle3.png,f016,0.667,24,C:/Users/Administrator/Videos/doubaoVideo/sword_enemy_v4_combat_idle_loop_v1_720p_4s.mp4,task_688460292bfc499f9f1f217b9a4c329c,C:/Users/Administrator/Pictures/gptGen/sword_enemy_v4_idle_gpt_cutout_test/idle_f016_gpt_cutout_v1_aligned.png,Library/Locus/tmp/sword_enemy_v4_idle_cycle_v1/clean_raw/f016.png,GPT 语义去背(原生 alpha)+整幅对齐,"74,120",逐像素一致,六帧各带模型自身缩放 0.756-0.940 后对齐回原帧；f040 第 5 次重跑才拿到原生 alpha
idle,Enemy_1011_idle4.png,Assets/Sprites/Enemy/Enemy1_1/Enemy_1011_idle4.png,f024,1.000,24,C:/Users/Administrator/Videos/doubaoVideo/sword_enemy_v4_combat_idle_loop_v1_720p_4s.mp4,task_688460292bfc499f9f1f217b9a4c329c,C:/Users/Administrator/Pictures/gptGen/sword_enemy_v4_idle_gpt_cutout_test/idle_f024_gpt_cutout_v1_aligned.png,Library/Locus/tmp/sword_enemy_v4_idle_cycle_v1/clean_raw/f024.png,GPT 语义去背(原生 alpha)+整幅对齐,"74,120",逐像素一致,六帧各带模型自身缩放 0.756-0.940 后对齐回原帧；f040 第 5 次重跑才拿到原生 alpha
idle,Enemy_1011_idle5.png,Assets/Sprites/Enemy/Enemy1_1/Enemy_1011_idle5.png,f032,1.333,24,C:/Users/Administrator/Videos/doubaoVideo/sword_enemy_v4_combat_idle_loop_v1_720p_4s.mp4,task_688460292bfc499f9f1f217b9a4c329c,C:/Users/Administrator/Pictures/gptGen/sword_enemy_v4_idle_gpt_cutout_test/idle_f032_gpt_cutout_v1_aligned.png,Library/Locus/tmp/sword_enemy_v4_idle_cycle_v1/clean_raw/f032.png,GPT 语义去背(原生 alpha)+整幅对齐,"74,120",逐像素一致,六帧各带模型自身缩放 0.756-0.940 后对齐回原帧；f040 第 5 次重跑才拿到原生 alpha
idle,Enemy_1011_idle6.png,Assets/Sprites/Enemy/Enemy1_1/Enemy_1011_idle6.png,f040,1.667,24,C:/Users/Administrator/Videos/doubaoVideo/sword_enemy_v4_combat_idle_loop_v1_720p_4s.mp4,task_688460292bfc499f9f1f217b9a4c329c,C:/Users/Administrator/Pictures/gptGen/sword_enemy_v4_idle_gpt_cutout_test/idle_f040_gpt_cutout_v5_aligned.png,Library/Locus/tmp/sword_enemy_v4_idle_cycle_v1/clean_raw/f040.png,GPT 语义去背(原生 alpha)+整幅对齐,"74,120",逐像素一致,六帧各带模型自身缩放 0.756-0.940 后对齐回原帧；f040 第 5 次重跑才拿到原生 alpha
hit,Enemy_1011_hit1.png,Assets/Sprites/Enemy/Enemy1_1/Enemy_1011_hit1.png,f016,0.625,24,C:/Users/Administrator/Videos/doubaoVideo/sword_enemy_hit_front_v2.mp4,task_39f03a1065f5447bb302ab4e81bfe03b,C:/Users/Administrator/Pictures/gptGen/sword_enemy_hit_front_keyed_A2_unmix/hit_f016_A2.png,Library/Locus/tmp/sword_enemy_hit_front_v2/selected/raw_f016.png,本地绿幕键 A2 变体(反混合+2px 环颜色替换),"74,120",逐像素一致,clip 末键引用 idle1；源 f076/f084 已不在 v2 解码缓存(仅留每 8 帧+f059)
hit,Enemy_1011_hit2.png,Assets/Sprites/Enemy/Enemy1_1/Enemy_1011_hit2.png,f048,1.958,24,C:/Users/Administrator/Videos/doubaoVideo/sword_enemy_hit_front_v2.mp4,task_39f03a1065f5447bb302ab4e81bfe03b,C:/Users/Administrator/Pictures/gptGen/sword_enemy_hit_front_keyed_A2_unmix/hit_f048_A2.png,Library/Locus/tmp/sword_enemy_hit_front_v2/selected/raw_f048.png,本地绿幕键 A2 变体(反混合+2px 环颜色替换),"74,120",逐像素一致,clip 末键引用 idle1；源 f076/f084 已不在 v2 解码缓存(仅留每 8 帧+f059)
hit,Enemy_1011_hit3.png,Assets/Sprites/Enemy/Enemy1_1/Enemy_1011_hit3.png,f076,3.125,24,C:/Users/Administrator/Videos/doubaoVideo/sword_enemy_hit_front_v2.mp4,task_39f03a1065f5447bb302ab4e81bfe03b,C:/Users/Administrator/Pictures/gptGen/sword_enemy_hit_front_keyed_A2_unmix/hit_f076_A2.png,Library/Locus/tmp/sword_enemy_hit_front_v2/selected/raw_f076.png,本地绿幕键 A2 变体(反混合+2px 环颜色替换),"74,120",逐像素一致,clip 末键引用 idle1；源 f076/f084 已不在 v2 解码缓存(仅留每 8 帧+f059)
hit,Enemy_1011_hit4.png,Assets/Sprites/Enemy/Enemy1_1/Enemy_1011_hit4.png,f080,3.292,24,C:/Users/Administrator/Videos/doubaoVideo/sword_enemy_hit_front_v2.mp4,task_39f03a1065f5447bb302ab4e81bfe03b,C:/Users/Administrator/Pictures/gptGen/sword_enemy_hit_front_keyed_A2_unmix/hit_f080_A2.png,Library/Locus/tmp/sword_enemy_hit_front_v2/selected/raw_f080.png,本地绿幕键 A2 变体(反混合+2px 环颜色替换),"74,120",逐像素一致,clip 末键引用 idle1；源 f076/f084 已不在 v2 解码缓存(仅留每 8 帧+f059)
hit,Enemy_1011_hit5.png,Assets/Sprites/Enemy/Enemy1_1/Enemy_1011_hit5.png,f084,3.458,24,C:/Users/Administrator/Videos/doubaoVideo/sword_enemy_hit_front_v2.mp4,task_39f03a1065f5447bb302ab4e81bfe03b,C:/Users/Administrator/Pictures/gptGen/sword_enemy_hit_front_keyed_A2_unmix/hit_f084_A2.png,Library/Locus/tmp/sword_enemy_hit_front_v2/selected/raw_f084.png,本地绿幕键 A2 变体(反混合+2px 环颜色替换),"74,120",逐像素一致,clip 末键引用 idle1；源 f076/f084 已不在 v2 解码缓存(仅留每 8 帧+f059)
attack,Enemy_1011_attack1.png,Assets/Sprites/Enemy/Enemy1_1/Enemy_1011_attack1.png,f012,0.458,24,C:/Users/Administrator/Videos/doubaoVideo/sword_enemy_attack_front_v2.mp4,task_67c87dbe7385459cb37f16aa958bee7e,Library/Locus/tmp/sword_enemy_attack_front_v1/matted_final/attack_f012_final.png,Library/Locus/tmp/sword_enemy_attack_front_v1/clean_raw/f012.png,本地绿幕键(canonical v2),"74,120",逐像素一致,"deploy_pad_report.txt 打印的 srcBBox/shift 与实际像素放置不一致，实测固定补边 (74,120)"
attack,Enemy_1011_attack2.png,Assets/Sprites/Enemy/Enemy1_1/Enemy_1011_attack2.png,f020,0.792,24,C:/Users/Administrator/Videos/doubaoVideo/sword_enemy_attack_front_v2.mp4,task_67c87dbe7385459cb37f16aa958bee7e,Library/Locus/tmp/sword_enemy_attack_front_v1/matted_final/attack_f020_final.png,Library/Locus/tmp/sword_enemy_attack_front_v1/clean_raw/f020.png,本地绿幕键(canonical v2),"74,120",逐像素一致,"deploy_pad_report.txt 打印的 srcBBox/shift 与实际像素放置不一致，实测固定补边 (74,120)"
attack,Enemy_1011_attack3.png,Assets/Sprites/Enemy/Enemy1_1/Enemy_1011_attack3.png,f029,1.167,24,C:/Users/Administrator/Videos/doubaoVideo/sword_enemy_attack_front_v2.mp4,task_67c87dbe7385459cb37f16aa958bee7e,Library/Locus/tmp/sword_enemy_attack_front_v1/matted_final/attack_f029_final.png,Library/Locus/tmp/sword_enemy_attack_front_v1/clean_raw/f029.png,本地绿幕键(canonical v2),"74,120",逐像素一致,"deploy_pad_report.txt 打印的 srcBBox/shift 与实际像素放置不一致，实测固定补边 (74,120)"
attack,Enemy_1011_attack4.png,Assets/Sprites/Enemy/Enemy1_1/Enemy_1011_attack4.png,f036,1.458,24,C:/Users/Administrator/Videos/doubaoVideo/sword_enemy_attack_front_v2.mp4,task_67c87dbe7385459cb37f16aa958bee7e,Library/Locus/tmp/sword_enemy_attack_front_v1/matted_final/attack_f036_final.png,Library/Locus/tmp/sword_enemy_attack_front_v1/clean_raw/f036.png,本地绿幕键(canonical v2),"74,120",逐像素一致,"deploy_pad_report.txt 打印的 srcBBox/shift 与实际像素放置不一致，实测固定补边 (74,120)"
attack,Enemy_1011_attack5.png,Assets/Sprites/Enemy/Enemy1_1/Enemy_1011_attack5.png,f048,1.958,24,C:/Users/Administrator/Videos/doubaoVideo/sword_enemy_attack_front_v2.mp4,task_67c87dbe7385459cb37f16aa958bee7e,Library/Locus/tmp/sword_enemy_attack_front_v1/matted_final/attack_f048_final.png,Library/Locus/tmp/sword_enemy_attack_front_v1/clean_raw/f048.png,本地绿幕键(canonical v2),"74,120",逐像素一致,"deploy_pad_report.txt 打印的 srcBBox/shift 与实际像素放置不一致，实测固定补边 (74,120)"
attack,Enemy_1011_attack6.png,Assets/Sprites/Enemy/Enemy1_1/Enemy_1011_attack6.png,f049,2.000,24,C:/Users/Administrator/Videos/doubaoVideo/sword_enemy_attack_front_v2.mp4,task_67c87dbe7385459cb37f16aa958bee7e,Library/Locus/tmp/sword_enemy_attack_front_v1/matted_final/attack_f049_final.png,Library/Locus/tmp/sword_enemy_attack_front_v1/clean_raw/f049.png,本地绿幕键(canonical v2),"74,120",逐像素一致,"deploy_pad_report.txt 打印的 srcBBox/shift 与实际像素放置不一致，实测固定补边 (74,120)"
attack,Enemy_1011_attack7.png,Assets/Sprites/Enemy/Enemy1_1/Enemy_1011_attack7.png,f050,2.042,24,C:/Users/Administrator/Videos/doubaoVideo/sword_enemy_attack_front_v2.mp4,task_67c87dbe7385459cb37f16aa958bee7e,Library/Locus/tmp/sword_enemy_attack_front_v1/matted_final/attack_f050_final.png,Library/Locus/tmp/sword_enemy_attack_front_v1/clean_raw/f050.png,本地绿幕键(canonical v2),"74,120",逐像素一致,"deploy_pad_report.txt 打印的 srcBBox/shift 与实际像素放置不一致，实测固定补边 (74,120)"
attack,Enemy_1011_attack8.png,Assets/Sprites/Enemy/Enemy1_1/Enemy_1011_attack8.png,f051,2.083,24,C:/Users/Administrator/Videos/doubaoVideo/sword_enemy_attack_front_v2.mp4,task_67c87dbe7385459cb37f16aa958bee7e,Library/Locus/tmp/sword_enemy_attack_front_v1/matted_final/attack_f051_final.png,Library/Locus/tmp/sword_enemy_attack_front_v1/clean_raw/f051.png,本地绿幕键(canonical v2),"74,120",逐像素一致,"deploy_pad_report.txt 打印的 srcBBox/shift 与实际像素放置不一致，实测固定补边 (74,120)"
attack,Enemy_1011_attack9.png,Assets/Sprites/Enemy/Enemy1_1/Enemy_1011_attack9.png,f053,2.167,24,C:/Users/Administrator/Videos/doubaoVideo/sword_enemy_attack_front_v2.mp4,task_67c87dbe7385459cb37f16aa958bee7e,Library/Locus/tmp/sword_enemy_attack_front_v1/matted_final/attack_f053_final.png,Library/Locus/tmp/sword_enemy_attack_front_v1/clean_raw/f053.png,本地绿幕键(canonical v2),"74,120",逐像素一致,"deploy_pad_report.txt 打印的 srcBBox/shift 与实际像素放置不一致，实测固定补边 (74,120)"
attack,Enemy_1011_attack10.png,Assets/Sprites/Enemy/Enemy1_1/Enemy_1011_attack10.png,f055,2.250,24,C:/Users/Administrator/Videos/doubaoVideo/sword_enemy_attack_front_v2.mp4,task_67c87dbe7385459cb37f16aa958bee7e,Library/Locus/tmp/sword_enemy_attack_front_v1/matted_final/attack_f055_final.png,Library/Locus/tmp/sword_enemy_attack_front_v1/clean_raw/f055.png,本地绿幕键(canonical v2),"74,120",逐像素一致,"deploy_pad_report.txt 打印的 srcBBox/shift 与实际像素放置不一致，实测固定补边 (74,120)"
attack,Enemy_1011_attack11.png,Assets/Sprites/Enemy/Enemy1_1/Enemy_1011_attack11.png,f057,2.333,24,C:/Users/Administrator/Videos/doubaoVideo/sword_enemy_attack_front_v2.mp4,task_67c87dbe7385459cb37f16aa958bee7e,Library/Locus/tmp/sword_enemy_attack_front_v1/matted_final/attack_f057_final.png,Library/Locus/tmp/sword_enemy_attack_front_v1/clean_raw/f057.png,本地绿幕键(canonical v2),"74,120",逐像素一致,"deploy_pad_report.txt 打印的 srcBBox/shift 与实际像素放置不一致，实测固定补边 (74,120)"
attack,Enemy_1011_attack12.png,Assets/Sprites/Enemy/Enemy1_1/Enemy_1011_attack12.png,f061,2.500,24,C:/Users/Administrator/Videos/doubaoVideo/sword_enemy_attack_front_v2.mp4,task_67c87dbe7385459cb37f16aa958bee7e,Library/Locus/tmp/sword_enemy_attack_front_v1/matted_final/attack_f061_final.png,Library/Locus/tmp/sword_enemy_attack_front_v1/clean_raw/f061.png,本地绿幕键(canonical v2),"74,120",逐像素一致,"deploy_pad_report.txt 打印的 srcBBox/shift 与实际像素放置不一致，实测固定补边 (74,120)"
attack,Enemy_1011_attack13.png,Assets/Sprites/Enemy/Enemy1_1/Enemy_1011_attack13.png,f070,2.875,24,C:/Users/Administrator/Videos/doubaoVideo/sword_enemy_attack_front_v2.mp4,task_67c87dbe7385459cb37f16aa958bee7e,Library/Locus/tmp/sword_enemy_attack_front_v1/matted_final/attack_f070_final.png,Library/Locus/tmp/sword_enemy_attack_front_v1/clean_raw/f070.png,本地绿幕键(canonical v2),"74,120",逐像素一致,"deploy_pad_report.txt 打印的 srcBBox/shift 与实际像素放置不一致，实测固定补边 (74,120)"
attack,Enemy_1011_attack14.png,Assets/Sprites/Enemy/Enemy1_1/Enemy_1011_attack14.png,f075,3.083,24,C:/Users/Administrator/Videos/doubaoVideo/sword_enemy_attack_front_v2.mp4,task_67c87dbe7385459cb37f16aa958bee7e,Library/Locus/tmp/sword_enemy_attack_front_v1/matted_final/attack_f075_final.png,Library/Locus/tmp/sword_enemy_attack_front_v1/clean_raw/f075.png,本地绿幕键(canonical v2),"74,120",逐像素一致,"deploy_pad_report.txt 打印的 srcBBox/shift 与实际像素放置不一致，实测固定补边 (74,120)"
attack,Enemy_1011_attack15.png,Assets/Sprites/Enemy/Enemy1_1/Enemy_1011_attack15.png,f077,3.167,24,C:/Users/Administrator/Videos/doubaoVideo/sword_enemy_attack_front_v2.mp4,task_67c87dbe7385459cb37f16aa958bee7e,Library/Locus/tmp/sword_enemy_attack_front_v1/matted_final/attack_f077_final.png,Library/Locus/tmp/sword_enemy_attack_front_v1/clean_raw/f077.png,本地绿幕键(canonical v2),"74,120",逐像素一致,"deploy_pad_report.txt 打印的 srcBBox/shift 与实际像素放置不一致，实测固定补边 (74,120)"
attack,Enemy_1011_attack16.png,Assets/Sprites/Enemy/Enemy1_1/Enemy_1011_attack16.png,f081,3.333,24,C:/Users/Administrator/Videos/doubaoVideo/sword_enemy_attack_front_v2.mp4,task_67c87dbe7385459cb37f16aa958bee7e,Library/Locus/tmp/sword_enemy_attack_front_v1/matted_final/attack_f081_final.png,Library/Locus/tmp/sword_enemy_attack_front_v1/clean_raw/f081.png,本地绿幕键(canonical v2),"74,120",逐像素一致,"deploy_pad_report.txt 打印的 srcBBox/shift 与实际像素放置不一致，实测固定补边 (74,120)"
dead,Enemy_1011_dead1.png,Assets/Sprites/Enemy/Enemy1_1/Enemy_1011_dead1.png,f023,0.917,24,C:/Users/Administrator/Videos/doubaoVideo/sword_enemy_dead_front_v4.mp4,task_e3d84ebe3403436192b5c1d3697488aa,Library/Locus/tmp/sword_enemy_dead_v1/matted_dead/dead_f023_final.png,Library/Locus/tmp/sword_enemy_dead_v1/clean_raw_v4/f023.png,本地绿幕键(canonical v2),"74,120",逐像素一致,
dead,Enemy_1011_dead2.png,Assets/Sprites/Enemy/Enemy1_1/Enemy_1011_dead2.png,f026,1.042,24,C:/Users/Administrator/Videos/doubaoVideo/sword_enemy_dead_front_v4.mp4,task_e3d84ebe3403436192b5c1d3697488aa,Library/Locus/tmp/sword_enemy_dead_v1/matted_dead/dead_f026_final.png,Library/Locus/tmp/sword_enemy_dead_v1/clean_raw_v4/f026.png,本地绿幕键(canonical v2),"74,120",逐像素一致,
dead,Enemy_1011_dead3.png,Assets/Sprites/Enemy/Enemy1_1/Enemy_1011_dead3.png,f050,2.042,24,C:/Users/Administrator/Videos/doubaoVideo/sword_enemy_dead_front_v4.mp4,task_e3d84ebe3403436192b5c1d3697488aa,Library/Locus/tmp/sword_enemy_dead_v1/matted_dead/dead_f050_final.png,Library/Locus/tmp/sword_enemy_dead_v1/clean_raw_v4/f050.png,本地绿幕键(canonical v2),"74,120",逐像素一致,
dead,Enemy_1011_dead4.png,Assets/Sprites/Enemy/Enemy1_1/Enemy_1011_dead4.png,f052,2.125,24,C:/Users/Administrator/Videos/doubaoVideo/sword_enemy_dead_front_v4.mp4,task_e3d84ebe3403436192b5c1d3697488aa,Library/Locus/tmp/sword_enemy_dead_v1/matted_dead/dead_f052_final.png,Library/Locus/tmp/sword_enemy_dead_v1/clean_raw_v4/f052.png,本地绿幕键(canonical v2),"74,120",逐像素一致,
dead,Enemy_1011_dead5.png,Assets/Sprites/Enemy/Enemy1_1/Enemy_1011_dead5.png,f071,2.917,24,C:/Users/Administrator/Videos/doubaoVideo/sword_enemy_dead_front_v4.mp4,task_e3d84ebe3403436192b5c1d3697488aa,Library/Locus/tmp/sword_enemy_dead_v1/matted_dead/dead_f071_final.png,Library/Locus/tmp/sword_enemy_dead_v1/clean_raw_v4/f071.png,本地绿幕键(canonical v2),"74,120",逐像素一致,
dead,Enemy_1011_dead6.png,Assets/Sprites/Enemy/Enemy1_1/Enemy_1011_dead6.png,f078,3.208,24,C:/Users/Administrator/Videos/doubaoVideo/sword_enemy_dead_front_v4.mp4,task_e3d84ebe3403436192b5c1d3697488aa,Library/Locus/tmp/sword_enemy_dead_v1/matted_dead/dead_f078_final.png,Library/Locus/tmp/sword_enemy_dead_v1/clean_raw_v4/f078.png,本地绿幕键(canonical v2),"74,120",逐像素一致,
walk,Enemy_1011_walk1.png,Assets/Sprites/Enemy/Enemy1_1/Enemy_1011_walk1.png,f023,0.917,24,C:/Users/Administrator/Videos/doubaoVideo/sword_enemy_walk_front_v4.mp4,task_18e87a74532b4f1f86161a1b00b318cf,C:/Users/Administrator/Pictures/gptGen/sword_enemy_walk_gpt_cutout/walk_f023_cutout_v1.png,Library/Locus/tmp/sword_enemy_walk_v1/raw_frames_v4/f023.png,GPT 语义去背(逐帧择优 v1/v2/v3),"74,116",逐像素一致,walk3=v3 缩放 0.9582、walk6=v2 缩放 0.9333(唯二非 1:1)；脚底比 idle 地面线高 27-53px
walk,Enemy_1011_walk2.png,Assets/Sprites/Enemy/Enemy1_1/Enemy_1011_walk2.png,f025,1.000,24,C:/Users/Administrator/Videos/doubaoVideo/sword_enemy_walk_front_v4.mp4,task_18e87a74532b4f1f86161a1b00b318cf,C:/Users/Administrator/Pictures/gptGen/sword_enemy_walk_gpt_cutout/walk_f025_cutout_v1.png,Library/Locus/tmp/sword_enemy_walk_v1/raw_frames_v4/f025.png,GPT 语义去背(逐帧择优 v1/v2/v3),"74,116",逐像素一致,walk3=v3 缩放 0.9582、walk6=v2 缩放 0.9333(唯二非 1:1)；脚底比 idle 地面线高 27-53px
walk,Enemy_1011_walk3.png,Assets/Sprites/Enemy/Enemy1_1/Enemy_1011_walk3.png,f027,1.083,24,C:/Users/Administrator/Videos/doubaoVideo/sword_enemy_walk_front_v4.mp4,task_18e87a74532b4f1f86161a1b00b318cf,C:/Users/Administrator/Pictures/gptGen/sword_enemy_walk_gpt_cutout/walk_f027_cutout_v3.png,Library/Locus/tmp/sword_enemy_walk_v1/raw_frames_v4/f027.png,GPT 语义去背(逐帧择优 v1/v2/v3),rescaled,缩放 0.9582/0.9333 后补边,walk3=v3 缩放 0.9582、walk6=v2 缩放 0.9333(唯二非 1:1)；脚底比 idle 地面线高 27-53px
walk,Enemy_1011_walk4.png,Assets/Sprites/Enemy/Enemy1_1/Enemy_1011_walk4.png,f029,1.167,24,C:/Users/Administrator/Videos/doubaoVideo/sword_enemy_walk_front_v4.mp4,task_18e87a74532b4f1f86161a1b00b318cf,C:/Users/Administrator/Pictures/gptGen/sword_enemy_walk_gpt_cutout/walk_f029_cutout_v1.png,Library/Locus/tmp/sword_enemy_walk_v1/raw_frames_v4/f029.png,GPT 语义去背(逐帧择优 v1/v2/v3),"74,116",逐像素一致,walk3=v3 缩放 0.9582、walk6=v2 缩放 0.9333(唯二非 1:1)；脚底比 idle 地面线高 27-53px
walk,Enemy_1011_walk5.png,Assets/Sprites/Enemy/Enemy1_1/Enemy_1011_walk5.png,f030,1.208,24,C:/Users/Administrator/Videos/doubaoVideo/sword_enemy_walk_front_v4.mp4,task_18e87a74532b4f1f86161a1b00b318cf,C:/Users/Administrator/Pictures/gptGen/sword_enemy_walk_gpt_cutout/walk_f030_cutout_v2.png,Library/Locus/tmp/sword_enemy_walk_v1/raw_frames_v4/f030.png,GPT 语义去背(逐帧择优 v1/v2/v3),"74,116",逐像素一致,walk3=v3 缩放 0.9582、walk6=v2 缩放 0.9333(唯二非 1:1)；脚底比 idle 地面线高 27-53px
walk,Enemy_1011_walk6.png,Assets/Sprites/Enemy/Enemy1_1/Enemy_1011_walk6.png,f032,1.292,24,C:/Users/Administrator/Videos/doubaoVideo/sword_enemy_walk_front_v4.mp4,task_18e87a74532b4f1f86161a1b00b318cf,C:/Users/Administrator/Pictures/gptGen/sword_enemy_walk_gpt_cutout/walk_f032_cutout_v2.png,Library/Locus/tmp/sword_enemy_walk_v1/raw_frames_v4/f032.png,GPT 语义去背(逐帧择优 v1/v2/v3),rescaled,缩放 0.9582/0.9333 后补边,walk3=v3 缩放 0.9582、walk6=v2 缩放 0.9333(唯二非 1:1)；脚底比 idle 地面线高 27-53px
hitLeft,Enemy_1011_hitLeft1.png,Assets/Sprites/Enemy/Enemy1_1/Enemy_1011_hitLeft1.png,f024,0.958,24,C:/Users/Administrator/Videos/doubaoVideo/sword_enemy_hit_left_v3.mp4,task_3992f2cba10041af902a0aff47a43e05,Library/Locus/tmp/sword_enemy_hit_left_v3/local_key_v2_final/hitLeft1_from_f024_final.png,Library/Locus/tmp/sword_enemy_hit_left_v3/frames/f024.png,本地绿幕键(canonical v2 + ghost 清除),"74,120",逐像素一致,hitLeft3(源 f069) 左缘 6x6px 剑尖残片；hitLeft1 左缘 12px 淡痕
hitLeft,Enemy_1011_hitLeft2.png,Assets/Sprites/Enemy/Enemy1_1/Enemy_1011_hitLeft2.png,f033,1.333,24,C:/Users/Administrator/Videos/doubaoVideo/sword_enemy_hit_left_v3.mp4,task_3992f2cba10041af902a0aff47a43e05,Library/Locus/tmp/sword_enemy_hit_left_v3/local_key_v2_final/hitLeft2_from_f033_final.png,Library/Locus/tmp/sword_enemy_hit_left_v3/frames/f033.png,本地绿幕键(canonical v2 + ghost 清除),"74,120",逐像素一致,hitLeft3(源 f069) 左缘 6x6px 剑尖残片；hitLeft1 左缘 12px 淡痕
hitLeft,Enemy_1011_hitLeft3.png,Assets/Sprites/Enemy/Enemy1_1/Enemy_1011_hitLeft3.png,f069,2.833,24,C:/Users/Administrator/Videos/doubaoVideo/sword_enemy_hit_left_v3.mp4,task_3992f2cba10041af902a0aff47a43e05,Library/Locus/tmp/sword_enemy_hit_left_v3/local_key_v2_final/hitLeft3_from_f069_final.png,Library/Locus/tmp/sword_enemy_hit_left_v3/frames/f069.png,本地绿幕键(canonical v2 + ghost 清除),"74,120",逐像素一致,hitLeft3(源 f069) 左缘 6x6px 剑尖残片；hitLeft1 左缘 12px 淡痕
hitLeft,Enemy_1011_hitLeft4.png,Assets/Sprites/Enemy/Enemy1_1/Enemy_1011_hitLeft4.png,f070,2.875,24,C:/Users/Administrator/Videos/doubaoVideo/sword_enemy_hit_left_v3.mp4,task_3992f2cba10041af902a0aff47a43e05,Library/Locus/tmp/sword_enemy_hit_left_v3/local_key_v2_final/hitLeft4_from_f070_final.png,Library/Locus/tmp/sword_enemy_hit_left_v3/frames/f070.png,本地绿幕键(canonical v2 + ghost 清除),"74,120",逐像素一致,hitLeft3(源 f069) 左缘 6x6px 剑尖残片；hitLeft1 左缘 12px 淡痕
hitLeft,Enemy_1011_hitLeft5.png,Assets/Sprites/Enemy/Enemy1_1/Enemy_1011_hitLeft5.png,f071,2.917,24,C:/Users/Administrator/Videos/doubaoVideo/sword_enemy_hit_left_v3.mp4,task_3992f2cba10041af902a0aff47a43e05,Library/Locus/tmp/sword_enemy_hit_left_v3/local_key_v2_final/hitLeft5_from_f071_final.png,Library/Locus/tmp/sword_enemy_hit_left_v3/frames/f071.png,本地绿幕键(canonical v2 + ghost 清除),"74,120",逐像素一致,hitLeft3(源 f069) 左缘 6x6px 剑尖残片；hitLeft1 左缘 12px 淡痕
hitLeft,Enemy_1011_hitLeft6.png,Assets/Sprites/Enemy/Enemy1_1/Enemy_1011_hitLeft6.png,f075,3.083,24,C:/Users/Administrator/Videos/doubaoVideo/sword_enemy_hit_left_v3.mp4,task_3992f2cba10041af902a0aff47a43e05,Library/Locus/tmp/sword_enemy_hit_left_v3/local_key_v2_final/hitLeft6_from_f075_final.png,Library/Locus/tmp/sword_enemy_hit_left_v3/frames/f075.png,本地绿幕键(canonical v2 + ghost 清除),"74,120",逐像素一致,hitLeft3(源 f069) 左缘 6x6px 剑尖残片；hitLeft1 左缘 12px 淡痕
hitRight,Enemy_1011_hitRight1.png,Assets/Sprites/Enemy/Enemy1_1/Enemy_1011_hitRight1.png,f019,0.750,24,C:/Users/Administrator/Videos/doubaoVideo/sword_enemy_hit_right_v1.mp4,task_71ccbe537c0548d9af0b9a5c0dea6613,Library/Locus/tmp/sword_enemy_hit_right_v1/select6_right_v1/hitRight1_from_f019.png,Library/Locus/tmp/sword_enemy_hit_right_v1/frames/f019.png,本地绿幕键直接作用于 select6 原始绿幕帧,"74,120",逐像素一致,hitRight1 当前 alpha>20 右缘 795、部署记录写 853(差 58px) 待目检；视频 f018 异常宽已排除
hitRight,Enemy_1011_hitRight2.png,Assets/Sprites/Enemy/Enemy1_1/Enemy_1011_hitRight2.png,f030,1.208,24,C:/Users/Administrator/Videos/doubaoVideo/sword_enemy_hit_right_v1.mp4,task_71ccbe537c0548d9af0b9a5c0dea6613,Library/Locus/tmp/sword_enemy_hit_right_v1/select6_right_v1/hitRight2_from_f030.png,Library/Locus/tmp/sword_enemy_hit_right_v1/frames/f030.png,本地绿幕键直接作用于 select6 原始绿幕帧,"74,120",逐像素一致,hitRight1 当前 alpha>20 右缘 795、部署记录写 853(差 58px) 待目检；视频 f018 异常宽已排除
hitRight,Enemy_1011_hitRight3.png,Assets/Sprites/Enemy/Enemy1_1/Enemy_1011_hitRight3.png,f051,2.083,24,C:/Users/Administrator/Videos/doubaoVideo/sword_enemy_hit_right_v1.mp4,task_71ccbe537c0548d9af0b9a5c0dea6613,Library/Locus/tmp/sword_enemy_hit_right_v1/select6_right_v1/hitRight3_from_f051.png,Library/Locus/tmp/sword_enemy_hit_right_v1/frames/f051.png,本地绿幕键直接作用于 select6 原始绿幕帧,"74,120",逐像素一致,hitRight1 当前 alpha>20 右缘 795、部署记录写 853(差 58px) 待目检；视频 f018 异常宽已排除
hitRight,Enemy_1011_hitRight4.png,Assets/Sprites/Enemy/Enemy1_1/Enemy_1011_hitRight4.png,f054,2.208,24,C:/Users/Administrator/Videos/doubaoVideo/sword_enemy_hit_right_v1.mp4,task_71ccbe537c0548d9af0b9a5c0dea6613,Library/Locus/tmp/sword_enemy_hit_right_v1/select6_right_v1/hitRight4_from_f054.png,Library/Locus/tmp/sword_enemy_hit_right_v1/frames/f054.png,本地绿幕键直接作用于 select6 原始绿幕帧,"74,120",逐像素一致,hitRight1 当前 alpha>20 右缘 795、部署记录写 853(差 58px) 待目检；视频 f018 异常宽已排除
hitRight,Enemy_1011_hitRight5.png,Assets/Sprites/Enemy/Enemy1_1/Enemy_1011_hitRight5.png,f057,2.333,24,C:/Users/Administrator/Videos/doubaoVideo/sword_enemy_hit_right_v1.mp4,task_71ccbe537c0548d9af0b9a5c0dea6613,Library/Locus/tmp/sword_enemy_hit_right_v1/select6_right_v1/hitRight5_from_f057.png,Library/Locus/tmp/sword_enemy_hit_right_v1/frames/f057.png,本地绿幕键直接作用于 select6 原始绿幕帧,"74,120",逐像素一致,hitRight1 当前 alpha>20 右缘 795、部署记录写 853(差 58px) 待目检；视频 f018 异常宽已排除
hitRight,Enemy_1011_hitRight6.png,Assets/Sprites/Enemy/Enemy1_1/Enemy_1011_hitRight6.png,f075,3.083,24,C:/Users/Administrator/Videos/doubaoVideo/sword_enemy_hit_right_v1.mp4,task_71ccbe537c0548d9af0b9a5c0dea6613,Library/Locus/tmp/sword_enemy_hit_right_v1/select6_right_v1/hitRight6_from_f075.png,Library/Locus/tmp/sword_enemy_hit_right_v1/frames/f075.png,本地绿幕键直接作用于 select6 原始绿幕帧,"74,120",逐像素一致,hitRight1 当前 alpha>20 右缘 795、部署记录写 853(差 58px) 待目检；视频 f018 异常宽已排除
rise,Enemy_1011_rise1.png,Assets/Sprites/Enemy/Enemy1_1/Enemy_1011_rise1.png,f049,2.000,24,C:/Users/Administrator/Videos/doubaoVideo/enemy1011_launch_rise_v1.mp4,task_1c5d1f90fb0549f2b649110eda38208d,Library/Locus/tmp/sword_enemy_launch_v1/local_key_rise_v1/rise1_from_f049_localkey.png,Library/Locus/tmp/sword_enemy_launch_v1/frames_rise_v1/f049.png,本地绿幕键,"74,120",逐像素一致,
rise,Enemy_1011_rise2.png,Assets/Sprites/Enemy/Enemy1_1/Enemy_1011_rise2.png,f050,2.042,24,C:/Users/Administrator/Videos/doubaoVideo/enemy1011_launch_rise_v1.mp4,task_1c5d1f90fb0549f2b649110eda38208d,Library/Locus/tmp/sword_enemy_launch_v1/local_key_rise_v1/rise2_from_f050_localkey.png,Library/Locus/tmp/sword_enemy_launch_v1/frames_rise_v1/f050.png,本地绿幕键,"74,120",逐像素一致,
rise,Enemy_1011_rise3.png,Assets/Sprites/Enemy/Enemy1_1/Enemy_1011_rise3.png,f052,2.125,24,C:/Users/Administrator/Videos/doubaoVideo/enemy1011_launch_rise_v1.mp4,task_1c5d1f90fb0549f2b649110eda38208d,Library/Locus/tmp/sword_enemy_launch_v1/local_key_rise_v1/rise3_from_f052_localkey.png,Library/Locus/tmp/sword_enemy_launch_v1/frames_rise_v1/f052.png,本地绿幕键,"74,120",逐像素一致,
rise,Enemy_1011_rise4.png,Assets/Sprites/Enemy/Enemy1_1/Enemy_1011_rise4.png,f056,2.292,24,C:/Users/Administrator/Videos/doubaoVideo/enemy1011_launch_rise_v1.mp4,task_1c5d1f90fb0549f2b649110eda38208d,Library/Locus/tmp/sword_enemy_launch_v1/local_key_rise_v1/rise4_from_f056_localkey.png,Library/Locus/tmp/sword_enemy_launch_v1/frames_rise_v1/f056.png,本地绿幕键,"74,120",逐像素一致,
rise,Enemy_1011_rise5.png,Assets/Sprites/Enemy/Enemy1_1/Enemy_1011_rise5.png,f070,2.875,24,C:/Users/Administrator/Videos/doubaoVideo/enemy1011_launch_rise_v1.mp4,task_1c5d1f90fb0549f2b649110eda38208d,Library/Locus/tmp/sword_enemy_launch_v1/local_key_rise_v1/rise5_from_f070_localkey.png,Library/Locus/tmp/sword_enemy_launch_v1/frames_rise_v1/f070.png,本地绿幕键,"74,120",逐像素一致,
rise,Enemy_1011_rise6.png,Assets/Sprites/Enemy/Enemy1_1/Enemy_1011_rise6.png,f097,4.000,24,C:/Users/Administrator/Videos/doubaoVideo/enemy1011_launch_rise_v1.mp4,task_1c5d1f90fb0549f2b649110eda38208d,Library/Locus/tmp/sword_enemy_launch_v1/local_key_rise_v1/rise6_from_f097_localkey.png,Library/Locus/tmp/sword_enemy_launch_v1/frames_rise_v1/f097.png,本地绿幕键,"74,120",逐像素一致,
landing,Enemy_1011_landing1.png,Assets/Sprites/Enemy/Enemy1_1/Enemy_1011_landing1.png,f001,0.000,24,C:/Users/Administrator/Videos/doubaoVideo/enemy1011_launch_landing_v1.mp4,task_9f5c4081f24c4206afeae33c071e19c3,Library/Locus/tmp/sword_enemy_launch_v1/local_key_landing_v1/landing1_from_f001_localkey.png,Library/Locus/tmp/sword_enemy_launch_v1/frames_landing_v1/f001.png,本地绿幕键,"74,120",逐像素一致,
landing,Enemy_1011_landing2.png,Assets/Sprites/Enemy/Enemy1_1/Enemy_1011_landing2.png,f006,0.208,24,C:/Users/Administrator/Videos/doubaoVideo/enemy1011_launch_landing_v1.mp4,task_9f5c4081f24c4206afeae33c071e19c3,Library/Locus/tmp/sword_enemy_launch_v1/local_key_landing_v1/landing2_from_f006_localkey.png,Library/Locus/tmp/sword_enemy_launch_v1/frames_landing_v1/f006.png,本地绿幕键,"74,120",逐像素一致,
landing,Enemy_1011_landing3.png,Assets/Sprites/Enemy/Enemy1_1/Enemy_1011_landing3.png,f010,0.375,24,C:/Users/Administrator/Videos/doubaoVideo/enemy1011_launch_landing_v1.mp4,task_9f5c4081f24c4206afeae33c071e19c3,Library/Locus/tmp/sword_enemy_launch_v1/local_key_landing_v1/landing3_from_f010_localkey.png,Library/Locus/tmp/sword_enemy_launch_v1/frames_landing_v1/f010.png,本地绿幕键,"74,120",逐像素一致,
landing,Enemy_1011_landing4.png,Assets/Sprites/Enemy/Enemy1_1/Enemy_1011_landing4.png,f015,0.583,24,C:/Users/Administrator/Videos/doubaoVideo/enemy1011_launch_landing_v1.mp4,task_9f5c4081f24c4206afeae33c071e19c3,Library/Locus/tmp/sword_enemy_launch_v1/local_key_landing_v1/landing4_from_f015_localkey.png,Library/Locus/tmp/sword_enemy_launch_v1/frames_landing_v1/f015.png,本地绿幕键,"74,120",逐像素一致,
landing,Enemy_1011_landing5.png,Assets/Sprites/Enemy/Enemy1_1/Enemy_1011_landing5.png,f020,0.792,24,C:/Users/Administrator/Videos/doubaoVideo/enemy1011_launch_landing_v1.mp4,task_9f5c4081f24c4206afeae33c071e19c3,Library/Locus/tmp/sword_enemy_launch_v1/local_key_landing_v1/landing5_from_f020_localkey.png,Library/Locus/tmp/sword_enemy_launch_v1/frames_landing_v1/f020.png,本地绿幕键,"74,120",逐像素一致,
landing,Enemy_1011_landing6.png,Assets/Sprites/Enemy/Enemy1_1/Enemy_1011_landing6.png,f097,4.000,24,C:/Users/Administrator/Videos/doubaoVideo/enemy1011_launch_landing_v1.mp4,task_9f5c4081f24c4206afeae33c071e19c3,Library/Locus/tmp/sword_enemy_launch_v1/local_key_landing_v1/landing6_from_f097_localkey.png,Library/Locus/tmp/sword_enemy_launch_v1/frames_landing_v1/f097.png,本地绿幕键,"74,120",逐像素一致,
getup,Enemy_1011_getup1.png,Assets/Sprites/Enemy/Enemy1_1/Enemy_1011_getup1.png,f001,0.000,24,C:/Users/Administrator/Videos/doubaoVideo/enemy1011_launch_getup_v1.mp4,task_b226b12b3dc24b9aae00e0ad63480260,Library/Locus/tmp/sword_enemy_launch_v1/local_key_getup_v1/getup1_from_f001_localkey.png,Library/Locus/tmp/sword_enemy_launch_v1/frames_getup_v1/f001.png,本地绿幕键,"74,226",逐像素一致,"getup1-5 补边偏移非 (74,120)，见文档偏差表"
getup,Enemy_1011_getup2.png,Assets/Sprites/Enemy/Enemy1_1/Enemy_1011_getup2.png,f016,0.625,24,C:/Users/Administrator/Videos/doubaoVideo/enemy1011_launch_getup_v1.mp4,task_b226b12b3dc24b9aae00e0ad63480260,Library/Locus/tmp/sword_enemy_launch_v1/local_key_getup_v1/getup2_from_f016_localkey.png,Library/Locus/tmp/sword_enemy_launch_v1/frames_getup_v1/f016.png,本地绿幕键,"74,227",逐像素一致,"getup1-5 补边偏移非 (74,120)，见文档偏差表"
getup,Enemy_1011_getup3.png,Assets/Sprites/Enemy/Enemy1_1/Enemy_1011_getup3.png,f031,1.250,24,C:/Users/Administrator/Videos/doubaoVideo/enemy1011_launch_getup_v1.mp4,task_b226b12b3dc24b9aae00e0ad63480260,Library/Locus/tmp/sword_enemy_launch_v1/local_key_getup_v1/getup3_from_f031_localkey.png,Library/Locus/tmp/sword_enemy_launch_v1/frames_getup_v1/f031.png,本地绿幕键,"93,232",逐像素一致,"getup1-5 补边偏移非 (74,120)，见文档偏差表"
getup,Enemy_1011_getup4.png,Assets/Sprites/Enemy/Enemy1_1/Enemy_1011_getup4.png,f046,1.875,24,C:/Users/Administrator/Videos/doubaoVideo/enemy1011_launch_getup_v1.mp4,task_b226b12b3dc24b9aae00e0ad63480260,Library/Locus/tmp/sword_enemy_launch_v1/local_key_getup_v1/getup4_from_f046_localkey.png,Library/Locus/tmp/sword_enemy_launch_v1/frames_getup_v1/f046.png,本地绿幕键,"59,272",逐像素一致,"getup1-5 补边偏移非 (74,120)，见文档偏差表"
getup,Enemy_1011_getup5.png,Assets/Sprites/Enemy/Enemy1_1/Enemy_1011_getup5.png,f061,2.500,24,C:/Users/Administrator/Videos/doubaoVideo/enemy1011_launch_getup_v1.mp4,task_b226b12b3dc24b9aae00e0ad63480260,Library/Locus/tmp/sword_enemy_launch_v1/local_key_getup_v1/getup5_from_f061_localkey.png,Library/Locus/tmp/sword_enemy_launch_v1/frames_getup_v1/f061.png,本地绿幕键,"68,139",逐像素一致,"getup1-5 补边偏移非 (74,120)，见文档偏差表"
getup,Enemy_1011_getup6.png,Assets/Sprites/Enemy/Enemy1_1/Enemy_1011_getup6.png,f097,4.000,24,C:/Users/Administrator/Videos/doubaoVideo/enemy1011_launch_getup_v1.mp4,task_b226b12b3dc24b9aae00e0ad63480260,Library/Locus/tmp/sword_enemy_launch_v1/local_key_getup_v1/getup6_from_f097_localkey.png,Library/Locus/tmp/sword_enemy_launch_v1/frames_getup_v1/f097.png,本地绿幕键,"74,120",逐像素一致,"getup1-5 补边偏移非 (74,120)，见文档偏差表"
